{
  "urls": [
    "warnings.ogg",
    "warnings.m4a",
    "warnings.mp3",
    "warnings.ac3"
  ],
  "sprite": {
    "1": [
      0,
      623.1065759637188
    ],
    "2": [
      26000,
      784.3083900226766
    ],
    "3": [
      56000,
      752.2448979591871
    ],
    "4": [
      77000,
      690.8616780045378
    ],
    "5": [
      79000,
      844.1269841269872
    ],
    "6": [
      81000,
      934.6031746031684
    ],
    "7": [
      83000,
      882.3582766439841
    ],
    "8": [
      85000,
      909.9092970521525
    ],
    "9": [
      87000,
      835.9183673469346
    ],
    "10": [
      2000,
      876.5532879818592
    ],
    "11": [
      4000,
      789.4784580498869
    ],
    "12": [
      6000,
      733.2426303854876
    ],
    "13": [
      8000,
      754.1496598639447
    ],
    "14": [
      10000,
      956.3038548752836
    ],
    "15": [
      12000,
      743.0385487528337
    ],
    "16": [
      14000,
      1102.9478458049891
    ],
    "17": [
      17000,
      1097.142857142856
    ],
    "18": [
      20000,
      1023.9682539682526
    ],
    "19": [
      23000,
      1073.9229024943313
    ],
    "20": [
      28000,
      812.7664399092964
    ],
    "21": [
      30000,
      952.0181405895692
    ],
    "22": [
      32000,
      1091.3378684807285
    ],
    "23": [
      35000,
      1097.1882086167782
    ],
    "24": [
      38000,
      1143.5827664399058
    ],
    "25": [
      41000,
      1132.6303854875305
    ],
    "26": [
      44000,
      1213.242630385487
    ],
    "27": [
      47000,
      1224.8526077097495
    ],
    "28": [
      50000,
      1195.8276643990898
    ],
    "29": [
      53000,
      1213.242630385487
    ],
    "30": [
      58000,
      848.5714285714253
    ],
    "31": [
      60000,
      986.8480725623599
    ],
    "32": [
      62000,
      1201.6326530612246
    ],
    "33": [
      65000,
      1184.2176870748347
    ],
    "34": [
      68000,
      1201.6326530612246
    ],
    "35": [
      71000,
      1195.8276643990898
    ],
    "36": [
      74000,
      1230.6575963718842
    ],
    "bet-closed": [
      89000,
      3672.0181405895714
    ],
    "bet-now": [
      94000,
      2112.018140589569
    ],
    "black": [
      98000,
      935.9863945578297
    ],
    "last-bets": [
      100000,
      2424.0136054421837
    ],
    "red": [
      104000,
      1079.9999999999982
    ],
    "you-won": [
      107000,
      3144.013605442183
    ]
  }
}