{
  "urls": [
    "effects.ogg",
    "effects.m4a",
    "effects.mp3",
    "effects.ac3"
  ],
  "sprite": {
    "chip": [
      0,
      222.7437641723356
    ],
    "click-1": [
      2000,
      62.766439909296864
    ],
    "click-2": [
      4000,
      103.69614512471692
    ],
    "click-3": [
      6000,
      71.76870748299358
    ],
    "click-4": [
      8000,
      143.99092970521465
    ],
    "click-5": [
      10000,
      108.14058956916028
    ],
    "countdown": [
      12000,
      7488.43537414966
    ],
    "won": [
      21000,
      4307.2562358276655
    ]
  }
}