{
  "urls": [
    "warnings.ogg",
    "warnings.m4a",
    "warnings.mp3",
    "warnings.ac3"
  ],
  "sprite": {
    "1": [
      0,
      640
    ],
    "2": [
      26000,
      597.3469387755088
    ],
    "3": [
      57000,
      826.666666666668
    ],
    "4": [
      79000,
      826.666666666668
    ],
    "5": [
      81000,
      815.9863945578252
    ],
    "6": [
      83000,
      1088.004535147391
    ],
    "7": [
      86000,
      821.3378684807253
    ],
    "8": [
      88000,
      707.1882086167847
    ],
    "9": [
      90000,
      686.2131519274328
    ],
    "10": [
      2000,
      593.9002267573699
    ],
    "11": [
      4000,
      811.8140589569158
    ],
    "12": [
      6000,
      929.773242630386
    ],
    "13": [
      8000,
      871.0884353741495
    ],
    "14": [
      10000,
      1031.9501133786844
    ],
    "15": [
      13000,
      1028.185941043084
    ],
    "16": [
      16000,
      925.895691609977
    ],
    "17": [
      18000,
      945.3287981859404
    ],
    "18": [
      20000,
      1188.2993197278893
    ],
    "19": [
      23000,
      1075.2154195011344
    ],
    "20": [
      28000,
      821.2018140589556
    ],
    "21": [
      30000,
      1139.04761904762
    ],
    "22": [
      33000,
      1116.8480725623554
    ],
    "23": [
      36000,
      1125.6462585034014
    ],
    "24": [
      39000,
      1077.5963718820876
    ],
    "25": [
      42000,
      1018.4807256235829
    ],
    "26": [
      45000,
      1227.7097505668949
    ],
    "27": [
      48000,
      1257.324263038548
    ],
    "28": [
      51000,
      1205.0566893424061
    ],
    "29": [
      54000,
      1188.7301587301592
    ],
    "30": [
      59000,
      899.9999999999986
    ],
    "31": [
      61000,
      1005.1473922902474
    ],
    "32": [
      64000,
      1051.4512471655307
    ],
    "33": [
      67000,
      1017.6870748299365
    ],
    "34": [
      70000,
      1181.3151927437673
    ],
    "35": [
      73000,
      1166.7573696145155
    ],
    "36": [
      76000,
      1276.6439909296992
    ],
    "bet-closed": [
      92000,
      2352.018140589564
    ],
    "bet-now": [
      96000,
      2064.01360544217
    ],
    "black": [
      100000,
      719.9999999999989
    ],
    "last-bets": [
      102000,
      1512.018140589575
    ],
    "red": [
      105000,
      719.9999999999989
    ],
    "you-won": [
      107000,
      2255.9863945578227
    ]
  }
}