{
  "urls": [
    "warnings.ogg",
    "warnings.m4a",
    "warnings.mp3",
    "warnings.ac3"
  ],
  "sprite": {
    "1": [
      0,
      618.344671201814
    ],
    "2": [
      22000,
      569.3197278911555
    ],
    "3": [
      44000,
      662.6530612244892
    ],
    "4": [
      60000,
      560.0000000000023
    ],
    "5": [
      62000,
      648.6848072562382
    ],
    "6": [
      64000,
      676.6666666666623
    ],
    "7": [
      66000,
      644.0136054421828
    ],
    "8": [
      68000,
      520.3401360544149
    ],
    "9": [
      70000,
      637.0068027210891
    ],
    "10": [
      2000,
      588.0045351473924
    ],
    "11": [
      4000,
      718.6848072562358
    ],
    "12": [
      6000,
      679.0022675736961
    ],
    "13": [
      8000,
      718.6848072562366
    ],
    "14": [
      10000,
      868.0045351473922
    ],
    "15": [
      12000,
      791.0204081632646
    ],
    "16": [
      14000,
      821.3378684807253
    ],
    "17": [
      16000,
      861.0204081632667
    ],
    "18": [
      18000,
      786.3492063492074
    ],
    "19": [
      20000,
      812.0181405895686
    ],
    "20": [
      24000,
      641.678004535148
    ],
    "21": [
      26000,
      837.6870748299332
    ],
    "22": [
      28000,
      849.3197278911566
    ],
    "23": [
      30000,
      884.3537414966
    ],
    "24": [
      32000,
      886.6666666666703
    ],
    "25": [
      34000,
      970.6802721088436
    ],
    "26": [
      36000,
      849.3197278911566
    ],
    "27": [
      38000,
      886.6666666666703
    ],
    "28": [
      40000,
      858.684807256239
    ],
    "29": [
      42000,
      909.9999999999966
    ],
    "30": [
      46000,
      557.6870748299285
    ],
    "31": [
      48000,
      861.020408163263
    ],
    "32": [
      50000,
      830.6802721088432
    ],
    "33": [
      52000,
      802.6530612244898
    ],
    "34": [
      54000,
      771.1791383219975
    ],
    "35": [
      56000,
      858.684807256239
    ],
    "36": [
      58000,
      863.3333333333297
    ],
    "bet-closed": [
      72000,
      2375.986394557827
    ],
    "bet-now": [
      76000,
      2352.018140589564
    ],
    "black": [
      80000,
      935.9863945578297
    ],
    "last-bets": [
      82000,
      1319.9999999999932
    ],
    "red": [
      85000,
      648.0045351473933
    ],
    "you-won": [
      87000,
      2664.0136054421787
    ]
  }
}